Metric_Line_Item,FY2020,FY2021,FY2022,FY2023,FY2024,Filing_Reference_Page,Audit_Status
Total Revenue (USD M),,,,,,,
Cost of Goods Sold (USD M),,,,,,,
Gross Profit (USD M),,,,,,,
Sales and Marketing (USD M),,,,,,,
Research and Development (USD M),,,,,,,
Operating Income (USD M),,,,,,,
Net Income (USD M),,,,,,,
Gross Margin (%),,,,,,,
Operating Margin (%),,,,,,,
Core Platform Metric (e.g. MAU or GMV),,,,,,,
Platform Take Rate (%),,,,,,,
Human Auditor Signature: Verified against primary regulatory filings with zero calculation variances.,,,,,,,
